EVT_Code,N,Weibull_Lambda_Scale,Weibull_Kappa_Shape,Weibull_R2,Weibull_RMSE,CLASSNAME,source
3001,338796,0.632514,8.408742,0.98966,0.045006,Inter-Mountain Basins Sparsely Vegetated Systems,staley2018
3002,67965,0.632444,9.325526,0.978858,0.061656,Mediterranean California Sparsely Vegetated Systems,staley2018
3003,10499,0.653431,6.778563,0.955863,0.080305,North Pacific Sparsely Vegetated Systems,staley2018
3004,96310,0.583668,11.017459,0.973048,0.074252,North American Warm Desert Sparsely Vegetated Systems,staley2018
3006,219834,0.643514,7.642705,0.986422,0.050585,Rocky Mountain Alpine/Montane Sparsely Vegetated Systems,staley2018
3007,18364,0.582511,10.815818,0.962322,0.082776,Western Great Plains Sparsely Vegetated Systems,staley2018
3008,32054,0.706348,8.195769,0.991707,0.036027,North Pacific Oak Woodland,staley2018
3009,46,0.707891,7.000488,0.981653,0.040115,Northwestern Great Plains Aspen Forest and Parkland,staley2018
3011,2184,0.8380380911834647,6.664076479864674,0.964443261308793,0.0427907082515427,Rocky Mountain Aspen Forest and Woodland,nv_refit
3012,91564,0.722278,6.886242,0.990806,0.038587,Rocky Mountain Bigtooth Maple Ravine Woodland,staley2018
3014,1335617,0.773143,7.918473,0.997317,0.020404,Central and Southern California Mixed Evergreen Woodland,staley2018
3015,201656,0.647936,8.099978,0.984417,0.053263,California Coastal Redwood Forest,staley2018
3016,2150058,0.668548,7.90239,0.994173,0.033557,Colorado Plateau Pinyon-Juniper Woodland,staley2018
3017,507394,0.638473,8.835191,0.989828,0.045369,Columbia Plateau Western Juniper Woodland and Savanna,staley2018
3018,372550,0.728296,5.920661,0.978889,0.057252,East Cascades Mesic Montane Mixed-Conifer Forest and Woodland,staley2018
3019,136728,0.6552998531004978,9.477871410365914,0.9521489645435378,0.0242018960116123,Great Basin Pinyon-Juniper Woodland,nv_refit
3020,16597,0.671331,7.593489,0.972186,0.061739,Inter-Mountain Basins Subalpine Limber-Bristlecone Pine Woodland,staley2018
3021,43415,0.763766,7.924175,0.987909,0.040295,Klamath-Siskiyou Lower Montane Serpentine Mixed Conifer Woodland,staley2018
3022,189174,0.77438,7.449429,0.987207,0.043812,Klamath-Siskiyou Upper Montane Serpentine Mixed Conifer Woodland,staley2018
3023,917317,0.663961,8.075642,0.986097,0.05219,Madrean Encinal,staley2018
3024,1108549,0.692509,7.267266,0.991267,0.040031,Madrean Lower Montane Pine-Oak Forest and Woodland,staley2018
3025,1845334,0.663195,7.387946,0.989714,0.044679,Madrean Pinyon-Juniper Woodland,staley2018
3026,17515,0.687602,7.752852,0.988235,0.040483,Madrean Upper Montane Conifer-Oak Forest and Woodland,staley2018
3027,49010,0.8490162718128702,8.162340031836136,0.9829517240411152,0.0259806398189495,Mediterranean California Dry-Mesic Mixed Conifer Forest and Woodland,nv_refit
3028,55842,0.8556600510295965,8.720966619923747,0.9823396339792936,0.0253154434202358,Mediterranean California Mesic Mixed Conifer Forest and Woodland,nv_refit
3029,1040233,0.733078,7.114673,0.989772,0.040963,Mediterranean California Mixed Oak Woodland,staley2018
3030,6476,0.7765534719271776,9.647385369496,0.9605784533388468,0.0359134763056838,Mediterranean California Lower Montane Conifer Forest and Woodland,nv_refit
3031,142071,0.792890856817245,8.01620622379863,0.9553659907413132,0.0367299085339807,California Montane Jeffrey Pine(-Ponderosa Pine) Woodland,nv_refit
3032,640001,0.684612,6.265625,0.972166,0.069687,Mediterranean California Red Fir Forest,staley2018
3033,2078,0.8281782578105541,7.412584053282597,0.9575058206798256,0.0388827943958948,Mediterranean California Subalpine Woodland,nv_refit
3034,78319,0.67718,8.071193,0.986842,0.046581,Mediterranean California Mesic Serpentine Woodland and Chaparral,staley2018
3035,28710,0.738176,6.078228,0.966727,0.063645,North Pacific Dry Douglas-fir(-Madrone) Forest and Woodland,staley2018
3036,4858,0.687317,14.380871,0.994595,0.027329,North Pacific Hypermaritime Seasonal Sitka Spruce Forest,staley2018
3037,331647,0.747749,5.959131,0.973384,0.061457,North Pacific Maritime Dry-Mesic Douglas-fir-Western Hemlock Forest,staley2018
3038,10454,0.774811,5.055087,0.926904,0.081234,North Pacific Maritime Mesic Subalpine Parkland,staley2018
3039,16141,0.707391,6.776358,0.973235,0.055848,North Pacific Maritime Mesic-Wet Douglas-fir-Western Hemlock Forest,staley2018
3041,162150,0.790366,6.48035,0.989214,0.037535,North Pacific Mountain Hemlock Forest,staley2018
3042,44219,0.773405,6.037758,0.98216,0.047194,North Pacific Mesic Western Hemlock-Silver Fir Forest,staley2018
3043,1848922,0.76385,6.30255,0.984565,0.046938,Mediterranean California Mixed Evergreen Forest,staley2018
3044,2852,0.8771980197383822,8.66924866647883,0.979496975699634,0.037817211014826,Northern California Mesic Subalpine Woodland,nv_refit
3045,3333273,0.743299,5.74584,0.984383,0.048404,Northern Rocky Mountain Dry-Mesic Montane Mixed Conifer Forest,staley2018
3046,1722094,0.779638,6.118671,0.99199,0.032184,Northern Rocky Mountain Subalpine Woodland and Parkland,staley2018
3047,263709,0.7192,5.697763,0.97147,0.067814,Northern Rocky Mountain Mesic Montane Mixed Conifer Forest,staley2018
3048,1246,0.819185,6.503533,0.946006,0.066203,Northwestern Great Plains Highland White Spruce Woodland,staley2018
3049,139558,0.673394,6.847845,0.994052,0.032276,Rocky Mountain Foothill Limber Pine-Juniper Woodland,staley2018
3050,1586425,0.800137,6.22125,0.99116,0.032422,Rocky Mountain Lodgepole Pine Forest,staley2018
3051,1500806,0.701717,6.770211,0.990595,0.040768,Southern Rocky Mountain Dry-Mesic Montane Mixed Conifer Forest and Woodland,staley2018
3052,1092757,0.729264,6.451631,0.993791,0.03149,Southern Rocky Mountain Mesic Montane Mixed Conifer Forest and Woodland,staley2018
3053,1672541,0.684154,6.759456,0.985495,0.052019,Northern Rocky Mountain Ponderosa Pine Woodland and Savanna,staley2018
3054,5312115,0.652131,7.095453,0.98837,0.047432,Southern Rocky Mountain Ponderosa Pine Woodland,staley2018
3055,2244470,0.79814,6.264928,0.993521,0.027855,Rocky Mountain Subalpine Dry-Mesic Spruce-Fir Forest and Woodland,staley2018
3056,2709801,0.79814,5.937163,0.988351,0.037029,Rocky Mountain Subalpine Mesic-Wet Spruce-Fir Forest and Woodland,staley2018
3057,19341,0.690934,7.25091,0.985174,0.04419,Rocky Mountain Subalpine-Montane Limber-Bristlecone Pine Woodland,staley2018
3058,3258,0.8329259859772729,7.041520553561713,0.9641092088318084,0.0320713152164323,Sierra Nevada Subalpine Lodgepole Pine Forest and Woodland,nv_refit
3059,289780,0.631867,8.617233,0.982424,0.05927,Southern Rocky Mountain Pinyon-Juniper Woodland,staley2018
3060,24923,0.616876,9.332206,0.992537,0.034526,East Cascades Ponderosa Pine Forest and Woodland,staley2018
3061,906811,0.71006,6.566425,0.99265,0.035397,Inter-Mountain Basins Aspen-Mixed Conifer Forest and Woodland,staley2018
3062,9496,0.7696191040125449,7.694892334736204,0.951851269904336,0.0449760715978127,Inter-Mountain Basins Curl-leaf Mountain Mahogany Woodland,nv_refit
3063,4483,0.669763,8.055613,0.987232,0.039918,North Pacific Broadleaf Landslide Forest and Shrubland,staley2018
3064,44903,0.636309,9.294118,0.981141,0.05788,Colorado Plateau Mixed Low Sagebrush Shrubland,staley2018
3065,162151,0.633478,9.620666,0.981924,0.059117,Columbia Plateau Scabland Shrubland,staley2018
3066,2945,0.558978,14.025179,0.889202,0.110002,Inter-Mountain Basins Mat Saltbush Shrubland,staley2018
3068,181527,0.841242,9.105216,0.99862,0.013372,North Pacific Dry and Mesic Alpine Dwarf-Shrubland or Fell-field or Meadow,staley2018
3070,3861,0.647833,6.925736,0.972686,0.060507,Rocky Mountain Alpine Dwarf-Shrubland,staley2018
3071,1716,0.637973,9.624375,0.963567,0.061952,Sierra Nevada Alpine Dwarf-Shrubland,staley2018
3072,10637,0.608876,9.554256,0.970263,0.071264,Wyoming Basins Dwarf Sagebrush Shrubland and Steppe,staley2018
3074,83905,0.595276,12.689444,0.978466,0.059836,Chihuahuan Creosotebush Desert Scrub,staley2018
3075,60372,0.603175,13.493303,0.991476,0.039601,Chihuahuan Mixed Salt Desert Scrub,staley2018
3076,29619,0.568508,19.890487,0.96674,0.074808,Chihuahuan Stabilized Coppice Dune and Sand Flat Scrub,staley2018
3077,15284,0.601173,10.759144,0.945164,0.079358,Chihuahuan Succulent Desert Scrub,staley2018
3078,6392,0.593225,22.948819,0.986773,0.044193,Colorado Plateau Blackbrush-Mormon-tea Shrubland,staley2018
3079,111750,0.6270490262665772,10.94251533827746,0.9133588193242116,0.047338702027661,Great Basin Xeric Mixed Sagebrush Shrubland,nv_refit
3080,364913,0.6139250041245126,14.492679241529215,0.9703153492829184,0.0239434847106044,Inter-Mountain Basins Big Sagebrush Shrubland,nv_refit
3081,16163,0.5959917594945542,14.89103805808984,0.9653632631258392,0.028239340799841,Inter-Mountain Basins Mixed Salt Desert Scrub,nv_refit
3082,3152915,0.601524,11.185928,0.987829,0.050825,Mojave Mid-Elevation Mixed Desert Scrub,staley2018
3083,21603,0.726307,7.633421,0.990937,0.036635,North Pacific Avalanche Chute Shrubland,staley2018
3084,12597,0.67981,6.273912,0.985648,0.044925,North Pacific Montane Shrubland,staley2018
3085,58009,0.640443,5.517478,0.99702,0.020911,Northwestern Great Plains Shrubland,staley2018
3086,2554,0.6457079913809965,11.74571145894463,0.9550639721685876,0.0209170958176458,Rocky Mountain Lower Montane-Foothill Shrubland,nv_refit
3087,349611,0.588298,12.600827,0.986031,0.050289,Sonora-Mojave Creosotebush-White Bursage Desert Scrub,staley2018
3088,12311,0.667174,11.21568,0.996113,0.023444,Sonora-Mojave Mixed Salt Desert Scrub,staley2018
3090,30,0.550409,17.774182,0.732251,0.154165,Sonoran Granite Outcrop Desert Scrub,staley2018
3091,63262,0.598849,16.470602,0.984683,0.05284,Sonoran Mid-Elevation Desert Scrub,staley2018
3092,942014,0.650441,7.643113,0.994722,0.031507,Southern California Coastal Scrub,staley2018
3093,6293,0.611408,9.942192,0.952984,0.081085,Southern Colorado Plateau Sand Shrubland,staley2018
3094,34208,0.571949,16.430422,0.963307,0.075415,Western Great Plains Sandhill Shrubland,staley2018
3095,485174,0.58827,12.43588,0.983652,0.05806,Apacherian-Chihuahuan Mesquite Upland Scrub,staley2018
3096,3774,0.699011,8.150509,0.963449,0.06241,California Maritime Chaparral,staley2018
3097,2027981,0.705764,7.955055,0.996657,0.024426,California Mesic Chaparral,staley2018
3098,173468,0.7316822810837714,10.229011842816474,0.961129985919574,0.0377890774290465,California Montane Woodland and Chaparral,nv_refit
3099,37126,0.673957,7.352289,0.991473,0.037351,California Xeric Serpentine Chaparral,staley2018
3100,230653,0.593441,13.122897,0.981575,0.059141,Chihuahuan Mixed Desert and Thornscrub,staley2018
3101,66521,0.61365,13.993376,0.992674,0.036448,Madrean Oriental Chaparral,staley2018
3103,10324,0.661156,8.506929,0.974646,0.055479,Great Basin Semi-Desert Chaparral,staley2018
3104,846163,0.640868,8.657786,0.992048,0.039261,Mogollon Chaparral,staley2018
3105,412500,0.691721,7.821115,0.991225,0.039871,Northern and Central California Dry-Mesic Chaparral,staley2018
3106,217981,0.686529,6.343075,0.993448,0.033587,Northern Rocky Mountain Montane-Foothill Deciduous Shrubland,staley2018
3107,95312,0.678304,7.090649,0.989242,0.043661,Rocky Mountain Gambel Oak-Mixed Montane Shrubland,staley2018
3108,438321,0.688427,9.177896,0.99339,0.034239,Sonora-Mojave Semi-Desert Chaparral,staley2018
3109,741273,0.579543,12.059941,0.985166,0.054938,Sonoran Paloverde-Mixed Cacti Desert Scrub,staley2018
3110,1808265,0.678648,7.917302,0.993887,0.033825,Southern California Dry-Mesic Chaparral,staley2018
3111,15422,0.566117,16.049973,0.944486,0.087662,Western Great Plains Mesquite Woodland,staley2018
3112,5119,0.642429,6.224311,0.993063,0.027763,California Central Valley Mixed Oak Savanna,staley2018
3113,76303,0.712126,8.100275,0.987423,0.04667,California Coastal Live Oak Woodland and Savanna,staley2018
3114,694291,0.687451,8.058462,0.990126,0.042902,California Lower Montane Foothill Pine Woodland and Savanna,staley2018
3115,55803,0.656496,10.11986,0.995595,0.026957,Inter-Mountain Basins Juniper Savanna,staley2018
3116,53816,0.596608,11.456971,0.984968,0.053148,Madrean Juniper Savanna,staley2018
3117,374206,0.636522,8.217602,0.989586,0.044726,Southern Rocky Mountain Ponderosa Pine Savanna,staley2018
3118,709652,0.751503,7.066463,0.995044,0.027944,Southern California Oak Woodland and Savanna,staley2018
3119,54130,0.599672,15.591541,0.993639,0.034026,Southern Rocky Mountain Juniper Woodland and Savanna,staley2018
3121,566813,0.583664,10.978747,0.98404,0.057904,Apacherian-Chihuahuan Semi-Desert Shrubland,staley2018
3122,2665,0.578103,24.549737,0.987651,0.042675,Chihuahuan Gypsophilous Grassland and Steppe,staley2018
3123,3769401,0.632791,8.410206,0.986341,0.053401,Columbia Plateau Steppe and Grassland,staley2018
3124,892750,0.622892,10.638791,0.990546,0.044421,Columbia Plateau Low Sagebrush Steppe,staley2018
3125,8298,0.6309629063193946,15.924675410914622,0.979732423822494,0.0284925565809198,Inter-Mountain Basins Big Sagebrush Steppe,nv_refit
3126,361923,0.643168013339495,12.484564250109656,0.977389127102385,0.028303690224609,Inter-Mountain Basins Montane Sagebrush Steppe,nv_refit
3127,4049,0.625878119329578,13.13085521160221,0.9804678156891962,0.0139835405778134,Inter-Mountain Basins Semi-Desert Shrub-Steppe,nv_refit
3128,2812,0.652786,7.184285,0.985278,0.042527,Northern California Coastal Scrub,staley2018
3129,751463,0.685063,7.893296,0.994347,0.032585,California Central Valley and Southern Coastal Grassland,staley2018
3130,7718,0.661845,8.48207,0.991776,0.03411,California Mesic Serpentine Grassland,staley2018
3131,192000,0.817102,11.776172,0.99515,0.02717,California Northern Coastal Grassland,staley2018
3132,104611,0.603831,17.601837,0.995987,0.025442,Central Mixedgrass Prairie Grassland,staley2018
3133,553,0.576926,15.629403,0.969304,0.05575,Chihuahuan Sandy Plains Semi-Desert Grassland,staley2018
3134,150490,0.655752,8.886499,0.988621,0.0457,Columbia Basin Foothill and Canyon Dry Grassland,staley2018
3135,8607,0.6532334644376151,11.125828669234147,0.9961075225032068,0.0072073160044332,Inter-Mountain Basins Semi-Desert Grassland,nv_refit
3137,2043,0.7340872724840364,7.212243153209281,0.9651588373057588,0.0259274708358797,Mediterranean California Subalpine Meadow,nv_refit
3138,1183095,0.824653,7.567721,0.996468,0.020643,North Pacific Montane Grassland,staley2018
3139,3115866,0.728486,6.162368,0.991654,0.035901,Northern Rocky Mountain Lower Montane-Foothill-Valley Grassland,staley2018
3140,842504,0.82779,7.284992,0.998807,0.011571,Northern Rocky Mountain Subalpine-Upper Montane Grassland,staley2018
3141,3747047,0.664584,6.960683,0.990135,0.04308,Northwestern Great Plains Mixedgrass Prairie,staley2018
3142,411942,0.646487,9.428351,0.988591,0.047665,Columbia Basin Palouse Prairie,staley2018
3143,137,0.588245,6.638936,0.963033,0.057473,Rocky Mountain Alpine Fell-Field,staley2018
3144,8635,0.642137,6.340822,0.973773,0.063448,Rocky Mountain Alpine Turf,staley2018
3145,1509334,0.734127,5.982246,0.988696,0.041404,Rocky Mountain Subalpine-Montane Mesic Meadow,staley2018
3146,2981,0.6544231671969309,14.06212392582394,0.9709194438375842,0.047865872047545,Southern Rocky Mountain Montane-Subalpine Grassland,nv_refit
3147,50354,0.617524,9.916105,0.973647,0.066311,Western Great Plains Foothill and Piedmont Grassland,staley2018
3148,615017,0.636359,9.430412,0.992204,0.039181,Western Great Plains Sand Prairie Grassland,staley2018
3149,1813729,0.589646,10.752298,0.977393,0.070548,Western Great Plains Shortgrass Prairie,staley2018
3151,2261,0.66973,9.111936,0.961438,0.066597,California Central Valley Riparian Forest and Woodland,staley2018
3152,276460,0.70898,6.509724,0.983902,0.051572,California Montane Riparian Systems,staley2018
3153,8427,0.5734798411103652,13.121911610936555,0.9531884643432336,0.0297765109333472,Inter-Mountain Basins Greasewood Flat,nv_refit
3154,375652,0.66248,8.380697,0.988518,0.04797,Inter-Mountain Basins Montane Riparian Forest and Woodland,staley2018
3155,466189,0.631836,7.849353,0.975744,0.068138,North American Warm Desert Riparian Forest and Woodland,staley2018
3156,6076,0.682704,6.613065,0.978298,0.05535,North Pacific Lowland Riparian Forest and Shrubland,staley2018
3157,20906,0.713232,6.113748,0.959284,0.071748,North Pacific Swamp Systems,staley2018
3158,32923,0.724286,5.854808,0.979846,0.05409,North Pacific Montane Riparian Woodland and Shrubland,staley2018
3159,525598,0.676857,6.137937,0.983317,0.054851,Rocky Mountain Montane Riparian Forest and Woodland,staley2018
3160,111071,0.667077,6.159486,0.987474,0.046296,Rocky Mountain Subalpine/Upper Montane Riparian Forest and Woodland,staley2018
3161,70254,0.735789,5.897436,0.986618,0.044822,Northern Rocky Mountain Conifer Swamp,staley2018
3162,190095,0.678106,7.055993,0.994047,0.032881,Western Great Plains Floodplain Forest and Woodland,staley2018
3163,218,0.629798,10.246064,0.964269,0.057769,Pacific Coastal Marsh Systems,staley2018
3164,6147,0.634853,5.686743,0.989987,0.036186,Rocky Mountain Wetland-Herbaceous,staley2018
3165,20411,0.681354,7.854475,0.989143,0.041413,Northern Rocky Mountain Foothill Conifer Wooded Steppe,staley2018
3166,434286,0.745417,5.894642,0.98425,0.048985,Middle Rocky Mountain Montane Douglas-fir Forest and Woodland,staley2018
3167,54318,0.764379,6.047857,0.986696,0.042681,Rocky Mountain Poor-Site Lodgepole Pine Forest,staley2018
3168,330,0.696558,7.543604,0.945787,0.070042,Northern Rocky Mountain Avalanche Chute Shrubland,staley2018
3169,201974,0.679781,7.236514,0.990576,0.041902,Northern Rocky Mountain Subalpine Deciduous Shrubland,staley2018
3170,180,0.65026,10.618886,0.970976,0.053054,Klamath-Siskiyou Xeromorphic Serpentine Savanna and Chaparral,staley2018
3171,97562,0.800742,6.516868,0.991432,0.032449,North Pacific Alpine and Subalpine Dry Grassland,staley2018
3172,22820,0.740856,6.941702,0.989355,0.038774,Sierran-Intermontane Desert Western White Pine-White Fir Woodland,staley2018
3173,9167,0.680733,7.345918,0.982115,0.049932,North Pacific Wooded Volcanic Flowage,staley2018
3174,233259,0.779136,5.809551,0.97944,0.051865,North Pacific Dry-Mesic Silver Fir-Western Hemlock-Douglas-fir Forest,staley2018
3177,28,0.634909,12.009026,0.964664,0.058164,California Coastal Closed-Cone Conifer Forest and Woodland,staley2018
3178,3600,0.779,6.337798,0.979922,0.044969,North Pacific Hypermaritime Western Red-cedar-Western Hemlock Forest,staley2018
3179,1097904,0.697527,7.912414,0.992839,0.036377,Northwestern Great Plains-Black Hills Ponderosa Pine Woodland and Savanna,staley2018
3180,31939,0.67067,7.222474,0.968198,0.068615,Introduced Riparian Forest and Woodland,staley2018
3181,161409,0.6605602175069683,13.14217329165769,0.9800561862322772,0.0286200732423609,Introduced Upland Vegetation-Annual Grassland,nv_refit
3182,21949,0.6662977728989231,10.446797981546348,0.9864474808303312,0.014177817273472,Introduced Upland Vegetation-Perennial Grassland and Forbland,nv_refit
3183,13384,0.6569411782534215,12.749904220616624,0.9821918175615932,0.0252141343145948,Introduced Upland Vegetation-Annual and Biennial Forbland,nv_refit
3184,1182595,0.672324,7.436881,0.996537,0.02522,California Annual Grassland,staley2018
3186,1022,0.672786,9.07408,0.928236,0.087041,Introduced Upland Vegetation-Shrub,staley2018
3195,7925,0.6231489363123077,5.648344632668802,0.8576944013939333,0.0624648745496232,Recently Burned-Herb and Grass Cover,nv_refit
3198,9539,0.659714,7.620065,0.98284,0.051941,NLCD-Herbaceous Wetlands,staley2018
3200,6908,0.665303,6.915078,0.971976,0.061151,Coastal Douglas-fir Woodland,staley2018
3201,12533,0.676913,7.083305,0.973604,0.061566,Quercus garryana Woodland Alliance,staley2018
3202,5888,0.61695,6.088512,0.989222,0.034918,Juniperus occidentalis Wooded Herbaceous Alliance,staley2018
3203,21055,0.636701,7.641017,0.965052,0.071598,Juniperus occidentalis Woodland Alliance,staley2018
3204,13605,0.570802,25.348731,0.985366,0.045572,Western Great Plains Mesquite Shrubland,staley2018
3206,959,0.708617,6.608195,0.93992,0.074055,Pseudotsuga menziesii Giant Forest Alliance,staley2018
3208,89797,0.722634,6.773067,0.987478,0.04383,Abies concolor Forest Alliance,staley2018
3210,664345,0.616672,13.730605,0.992533,0.037781,Coleogyne ramosissima Shrubland Alliance,staley2018
3211,3311,0.614655,13.210264,0.973546,0.060118,Grayia spinosa Shrubland Alliance,staley2018
3212,77735,0.573217,16.457179,0.964058,0.06948,Western Great Plains Sandhill Grassland,staley2018
3213,24368,0.567633,16.116451,0.925803,0.101749,Quercus havardii Shrubland Alliance,staley2018
3214,10087,0.65778,9.574225,0.983919,0.046388,Arctostaphylos patula Shrubland Alliance,staley2018
3215,567086,0.646093,8.807856,0.99272,0.037604,Quercus turbinella Shrubland Alliance,staley2018
3216,32592,0.695516,8.344719,0.986553,0.047817,Cercocarpus montanus Shrubland Alliance,staley2018
3217,241464,0.695618,6.471208,0.986702,0.047855,Quercus gambelii Shrubland Alliance,staley2018
3218,54587,0.606417,8.273922,0.967222,0.078276,North American Warm Desert Sparsely Vegetated Systems II,staley2018
3219,42636,0.621206,12.521193,0.987458,0.045114,Inter-Mountain Basins Sparsely Vegetated Systems II,staley2018
3220,2086094,0.660725,9.476563,0.995631,0.029526,Artemisia tridentata ssp. vaseyana Shrubland Alliance,staley2018
3221,32765,0.635607,7.104801,0.98842,0.043203,Mediterranean California Sparsely Vegetated Systems II,staley2018
3222,4493,0.659727,9.266706,0.984032,0.044669,Rocky Mountain Alpine/Montane Sparsely Vegetated Systems II,staley2018
3227,4050491,0.753627,5.995462,0.988343,0.040709,Dry-mesic Montane Douglas-fir Forest,staley2018
3228,7725,0.732049,5.583948,0.960218,0.067907,Dry-mesic Montane Western Larch Forest,staley2018
3230,34863,0.70309,8.7159,0.992413,0.034778,Pinus sabiniana Woodland Alliance,staley2018
3231,188,0.716932,5.136423,0.833847,0.118305,Sequoiadendron giganteum Forest Alliance,staley2018
3232,75475,0.72652,5.783838,0.971896,0.062384,Abies grandis Forest Forest,staley2018
3233,246462,0.700166,6.080787,0.980076,0.057839,Subalpine Douglas-fir Forest,staley2018
3234,54079,0.691195,6.12919,0.978524,0.059043,Mesic Montane Douglas-fir Forest,staley2018
3235,345463,0.71877,6.103695,0.986842,0.046519,Xeric Montane Douglas-fir Forest,staley2018
3236,93,0.666756,6.089024,0.880646,0.102893,Subalpine Western Larch Forest,staley2018
3237,13,0.601816,10.005522,0.734595,0.155879,Mesic Montane Western Larch Forest,staley2018
3250,2046,0.609986,8.940577,0.86831,0.121962,Inter-Mountain Basins Curl-leaf Mountain Mahogany Shrubland,staley2018
3251,9121,0.647731,7.131933,0.947431,0.082804,Rocky Mountain Montane Riparian Shrubland,staley2018
3252,15513,0.692043,7.645254,0.993163,0.03131,Rocky Mountain Subalpine/Upper Montane Riparian Shrubland,staley2018
3253,806,0.705749,8.199177,0.98567,0.037295,Western Great Plains Floodplain Shrubland,staley2018
3254,1304,0.742317,6.129229,0.98857,0.033321,Western Great Plains Floodplain Herbaceous,staley2018
3255,2174,0.6797795779957311,8.42305815427113,0.9655412339416328,0.0276383512619745,Inter-Mountain Basins Montane Riparian Shrubland,nv_refit
3256,774948,0.615357,9.088341,0.976269,0.069973,Apacherian-Chihuahuan Semi-Desert Grassland,staley2018
3258,16419,0.704509,7.063811,0.964717,0.060409,North American Warm Desert Riparian Herbaceous,staley2018
3259,4510,0.739606,10.534496,0.995722,0.022283,Introduced Riparian Shrubland,staley2018
3260,1686,0.72415,9.594017,0.996467,0.019125,Mediterranean California Lower Montane Black Oak Forest and Woodland,staley2018
3261,1984,0.702588,6.960286,0.959278,0.062056,Mediterranean California Lower Montane Black Oak - Conifer Forest and Woodland,staley2018
3262,44,0.622804,14.867572,0.969645,0.055046,East Cascades Oak Forest and Woodland,staley2018
3263,21,0.631422,9.880709,0.784049,0.145144,East Cascades Oak - Ponderosa Pine Forest and Woodland,staley2018
3264,6431,0.657018,9.0444,0.97471,0.057609,California Lower Montane Blue Oak Forest and Woodland,staley2018
3265,9746,0.692772,9.006765,0.988009,0.039537,California Lower Montane Blue Oak-Foothill Pine Forest and Woodland,staley2018
3266,148,0.748238,6.186673,0.965607,0.054549,Oregon White Oak Woodland,staley2018
3267,299,0.705997,5.861149,0.926842,0.078436,Douglas-fir - Oregon White Oak Woodland,staley2018
3292,40031,0.606672,5.211508,0.991732,0.037666,Open Water,staley2018
3293,520,0.574769,6.370316,0.972979,0.051674,Snow-Ice,staley2018
3294,165991,0.592199,9.022155,0.974096,0.073191,Barren,staley2018
3295,1029,0.60247,8.099818,0.890361,0.109523,Quarries-Strip Mines-Gravel Pits,staley2018
3296,22886,0.680414,5.715173,0.960114,0.076269,Developed-Low Intensity,staley2018
3297,4686,0.670753,5.861445,0.930859,0.088497,Developed-Medium Intensity,staley2018
3298,824,0.666361,6.630944,0.939399,0.075018,Developed-High Intensity,staley2018
3299,3159,0.6167282554798288,11.017618822628917,0.874142024234275,0.061830258584819,Developed-Roads,nv_refit
3385,9321,0.59303,7.403039,0.987775,0.043095,Western Great Plains Wooded Draw and Ravine,staley2018
3495,2291,0.707325,7.451296,0.981815,0.040701,Western Great Plains Depressional Wetland Systems,staley2018
3503,100564,0.58706,13.54606,0.994918,0.030142,Chihuahuan Loamy Plains Desert Grassland,staley2018
3504,2184,0.60995,13.412417,0.989398,0.035252,Chihuahuan-Sonoran Desert Bottomland and Swale Grassland,staley2018
3541,4032,0.678946,7.515647,0.968817,0.060843,Developed-Upland Deciduous Forest,staley2018
3542,5288,0.672941,6.525685,0.960174,0.07107,Developed-Upland Evergreen Forest,staley2018
3543,5780,0.691686,8.166815,0.983523,0.044775,Developed-Upland Mixed Forest,staley2018
3544,5887,0.631962,9.602994,0.984985,0.046987,Developed-Upland Herbaceous,staley2018
3545,13904,0.656208,8.795045,0.990904,0.03751,Developed-Upland Shrubland,staley2018
3548,399,0.663275,7.306803,0.951717,0.066648,Developed-Herbaceous Wetland Vegetation,staley2018
3549,15757,0.670623,8.090195,0.987787,0.043519,Developed-Woody Wetland Vegetation,staley2018
3900,3411,0.646809,7.694555,0.977574,0.053011,Western Cool Temperate Urban Deciduous Forest,staley2018
3901,8568,0.64103,6.986128,0.963264,0.071649,Western Cool Temperate Urban Evergreen Forest,staley2018
3902,2839,0.66982,7.664855,0.981167,0.045685,Western Cool Temperate Urban Mixed Forest,staley2018
3903,44340,0.674953,6.204025,0.969723,0.069957,Western Cool Temperate Urban Herbaceous,staley2018
3904,7626,0.668092,5.635228,0.941183,0.087854,Western Cool Temperate Urban Shrubland,staley2018
3910,832,0.66928,7.292334,0.950719,0.067583,Western Warm Temperate Urban Deciduous Forest,staley2018
3911,1790,0.674569,6.593017,0.955912,0.064668,Western Warm Temperate Urban Evergreen Forest,staley2018
3912,1954,0.673789,8.783193,0.981065,0.044408,Western Warm Temperate Urban Mixed Forest,staley2018
3913,12823,0.661555,7.192363,0.964473,0.068806,Western Warm Temperate Urban Herbaceous,staley2018
3914,7277,0.681898,6.065877,0.934472,0.08088,Western Warm Temperate Urban Shrubland,staley2018
3920,326,0.684815,6.878709,0.978673,0.043551,Western Cool Temperate Developed Ruderal Deciduous Forest,staley2018
3921,1631,0.670814,6.855111,0.981811,0.044038,Western Cool Temperate Developed Ruderal Evergreen Forest,staley2018
3922,12,0.660731,21.023518,0.878314,0.108768,Western Cool Temperate Developed Ruderal Mixed Forest,staley2018
3923,25197,0.654663,7.551755,0.976866,0.061875,Western Cool Temperate Developed Ruderal Shrubland,staley2018
3924,112050,0.655816,7.582474,0.994315,0.032195,Western Cool Temperate Developed Ruderal Grassland,staley2018
3925,17,0.741942,7.872522,0.928106,0.084817,Western Warm Temperate Developed Ruderal Deciduous Forest,staley2018
3926,325,0.62887,9.803202,0.899607,0.097442,Western Warm Temperate Developed Ruderal Evergreen Forest,staley2018
3927,33,0.624202,12.772529,0.959066,0.061394,Western Warm Temperate Developed Ruderal Mixed Forest,staley2018
3928,7587,0.753324,7.226752,0.950951,0.064448,Western Warm Temperate Developed Ruderal Shrubland,staley2018
3929,7570,0.666659,8.935942,0.979569,0.048465,Western Warm Temperate Developed Ruderal Grassland,staley2018
3941,22,0.603988,9.728315,0.958543,0.063563,Western Cool Temperate Undeveloped Ruderal Evergreen Forest,staley2018
3943,265333,0.6186599362094031,13.758520276164024,0.9640858789932918,0.0275473357997319,Western Cool Temperate Undeveloped Ruderal Shrubland,nv_refit
3944,4706,0.710109,5.700809,0.971471,0.055549,Western Cool Temperate Undeveloped Ruderal Grassland,staley2018
3945,13,0.704511,12.803496,0.785037,0.142703,Western Warm Temperate Undeveloped Ruderal Deciduous Forest,staley2018
3948,551,0.702117,6.128476,0.916,0.084975,Western Warm Temperate Undeveloped Ruderal Shrubland,staley2018
3949,94,0.618982,15.833986,0.982358,0.039287,Western Warm Temperate Undeveloped Ruderal Grassland,staley2018
3960,7979,0.62642,5.943006,0.985033,0.046845,Western Cool Temperate Orchard,staley2018
3961,336,0.642508,6.873025,0.965162,0.056898,Western Cool Temperate Vineyard,staley2018
3962,19,0.638862,17.353013,0.930679,0.085133,Western Cool Temperate Bush fruit and berries,staley2018
3963,39,0.558564,21.666421,0.794288,0.144903,Western Cool Temperate Row Crop - Close Grown Crop,staley2018
3964,14119,0.67804,4.912529,0.973942,0.059182,Western Cool Temperate Row Crop,staley2018
3965,31018,0.623267,6.630356,0.993136,0.033454,Western Cool Temperate Close Grown Crop,staley2018
3966,64228,0.655916,8.600867,0.992169,0.03705,Western Cool Temperate Fallow/Idle Cropland,staley2018
3967,127719,0.682815,8.699487,0.992388,0.038323,Western Cool Temperate Pasture and Hayland,staley2018
3968,59180,0.68829,5.136817,0.991906,0.032102,Western Cool Temperate Wheat,staley2018
3980,2870,0.742987,8.137224,0.9962,0.019685,Western Warm Temperate Orchard,staley2018
3981,31,0.686562,12.067155,0.940503,0.072042,Western Warm Temperate Vineyard,staley2018
3983,120,0.721653,6.189174,0.897469,0.094079,Western Warm Temperate Row Crop - Close Grown Crop,staley2018
3984,2058,0.619357,10.584835,0.976351,0.054676,Western Warm Temperate Row Crop,staley2018
3985,801,0.679779,7.457021,0.995421,0.020383,Western Warm Temperate Close Grown Crop,staley2018
3986,8587,0.596504,8.931851,0.911674,0.103697,Western Warm Temperate Fallow/Idle Cropland,staley2018
3987,2202,0.721641,9.877735,0.997923,0.015026,Western Warm Temperate Pasture and Hayland,staley2018
3988,2072,0.53948,4.709144,0.875296,0.117769,Western Warm Temperate Wheat,staley2018
7196,4444,0.6787367561521546,11.521804921299552,0.9261009127134648,0.0434028356122851,,nv_refit
9006,10364,0.6164551892272155,13.25995316986586,0.9638377098044696,0.0262279729671884,,nv_refit
9129,2473,0.8109187201130731,7.160681460527171,0.9669651323457654,0.0332274127819502,,nv_refit
9213,43089,0.6737911496498582,9.998282657494252,0.9507690091652434,0.0308987609112552,,nv_refit
9272,3670,0.6937997414603768,5.908600748570056,0.9386890932590036,0.039895066414604,,nv_refit
9629,2377,0.697881645665731,7.743504552085562,0.9424859136598062,0.0392732788543334,,nv_refit
